account_id,company_name,company_address,contact_person,contact_phone,gender,joining_date
1,Apex Auto Group,"58987 Crystal Terrace
West Katherine, AR 24780",Brent Barnes,001-470-476-0187x922,M,27/10/2018
2,Velocity Motors,"5498 Jonathan Ramp Apt. 195
Jennaville, OK 69179",Jordan Sherman,590-306-0173x3024,M,6/11/2018
3,Prime Car Dealers,"35614 Amanda Landing Apt. 022
Tiffanychester, WY 69910",Jeffery Boone,+1-527-599-2269x3043,M,26/12/2016
4,Liberty Auto Sales,"3732 Suarez Ville Suite 149
Lake Amandaburgh, NJ 09012",Ricardo Robinson,848.936.5974,M,22/08/2017
5,Horizon Motors,"366 Jackson Hills
East Jon, MD 49631",Michael Bowen,(088)626-2015x0464,M,10/9/2017
6,Elite Auto Center,"17110 Booth Mountains
East Karen, LA 98729",Gabriel Morse,501-765-1025x899,M,2/7/2017
7,Metro Auto Mall,"0349 Santos Mountains Suite 231
West Monicamouth, MD 93198",Robert Ali,(423)658-8552x2009,M,28/08/2016
8,Premier Car Exchange,"08290 Christine Loop
Lake Brittany, CO 67260",Larry Johnson,573-935-0880,M,28/11/2017
9,DriveTime Autos,"Unit 7975 Box 4343
DPO AP 53195",Sarah Smith,(839)008-2957,F,3/10/2016
10,Pinnacle Motors,"5256 Ryan Islands
Freybury, IN 76874",Ronald Evans,001-408-136-1701x5620,M,16/05/2016
11,Vision Auto Sales,"675 Martinez River Apt. 505
Johnchester, DE 10798",Brittany Skinner,635.944.7650x170,F,5/2/2019
12,AutoNation Express,"31159 Thomas Squares
Emilyview, MD 55861",Luke Morales,(085)125-6259,M,13/07/2016
13,Prestige Auto Group,"680 Tucker Ports
Haysmouth, ND 41153",Jeremy Sanchez,603.437.9000,M,14/01/2018
14,Freedom Auto Sales,"713 Frank Stream
Morganmouth, WV 68541",William Rodriguez,268-996-8948x82970,M,7/4/2017
15,Grand Prix Motors,"6997 Moore Cliffs Apt. 723
Nicholasmouth, AR 40546",Melissa Moore,601-208-0214,F,15/07/2018
16,Victory Car Sales,"3143 Prince Radial Apt. 361
Lewisburgh, NV 32881",Susan Kemp,(740)008-1754,F,24/12/2017
17,Integrity Auto Mall,"65250 Brewer Rapids Suite 412
Stricklandfurt, NY 54068",Elizabeth Griffith,(396)792-6245x108,F,11/11/2018
18,Superior Auto Group,"514 Rosario Mission Suite 780
Harringtonview, KY 96240",Bradley Mccall,550-811-9431,M,12/11/2018
19,Summit Car Center,"63615 Solis Lake
Lake Jacqueline, OK 10021",Caitlin Wood,502-241-7948x757,F,17/02/2017
20,Legacy Auto Exchange,"0178 Vincent Key
Munozberg, ME 44595",Karen David,(992)413-5173,F,24/09/2018
21,Capital Car Dealers,"2567 Nancy Mountains
Medinastad, PA 09014",Larry Fuentes,+1-233-759-9000x14516,M,16/03/2019
22,Performance Auto Sales,"94991 Lisa Lock Apt. 693
Teresaville, CT 48441",Michael King,3845892339,M,7/3/2019
23,BlueSky Motors,"932 Jessica Turnpike
East Garychester, MD 58908",James Clark,176.136.9893x9338,M,7/2/2017
24,Horizon Car Center,"817 Mason Streets Suite 166
Josephmouth, IL 90612",Kenneth Bowen,(483)434-5112x17863,M,27/03/2018
25,Infinity Auto Group,"1272 Brad Landing Apt. 424
North Dylantown, NY 70905",Joshua Rodriguez,972-559-4688,M,9/7/2018
26,Quality Car Sales,"9370 Simmons Greens Apt. 955
North Katherinehaven, OH 52745",Michael Howe,269-540-3441,M,28/11/2018
27,Venture Auto Mall,"428 Rodney Shores
New Carla, HI 19824",Scott Anderson,(338)872-3723,M,20/03/2017
28,Liberty Motors,"Unit 1777 Box 5319
DPO AE 76692",Brittany Perry,848.130.8604x97353,F,20/01/2017
29,Paramount Car Sales,"20698 Heather Well
South Lorishire, UT 67152",Tyler Elliott,991-224-2938x431,M,23/08/2016
30,Precision Auto Sales,"1761 Morgan Creek Suite 587
North Christopherville, VT 68902",Henry Rodriguez,001-014-636-0983,M,22/11/2018
31,Peak Performance Motors,"2215 Vaughn Keys
Traceymouth, GA 32707",Andrew Vazquez,646-158-3728x68001,M,27/12/2018
32,Star Auto Group,"USNS Cunningham
FPO AE 77671",Michael Marshall,241.521.3362,M,3/4/2018
33,Gateway Car Sales,"6430 Marissa Turnpike Apt. 107
Lake Arthur, WA 13013",Alexandra Williams,075-797-3102,F,10/2/2017
34,Elite Auto Exchange,"828 Ronald Viaduct Suite 321
Taylorfort, OK 70553",Michael Rush,(700)069-6192x991,M,14/07/2017
35,Titan Auto Center,"91979 Jonathan Lakes Suite 622
West Leah, AR 54159",Kristina Ortega,+1-982-904-1621x0679,F,31/05/2017
36,Superior Car Dealers,"PSC 7587, Box 7669
APO AE 53413",Natalie Lyons,(320)724-1821x837,F,21/09/2018
37,Capital Auto Mall,"99917 Brian Loaf
South Teresa, TN 95155",Sarah Johnson,+1-442-549-8587x36255,F,30/12/2016
38,Apex Car Sales,"8961 Sabrina Road
South Katherine, WA 20629",Carl Nichols,420.473.3027,M,23/02/2019
39,First Choice Motors,"252 Eaton Place
Port Joseph, ND 10373",Michael Jenkins,496.614.4903x44930,M,5/4/2017
40,DriveTime Auto Group,"686 Johnson Loop
South Brandon, NH 68068",Meagan Hawkins,758.170.0244x9731,F,26/12/2017
41,Metro Car Exchange,"82936 Carter Square Apt. 592
Perryfurt, NE 11885",Sherry Watts,+1-146-780-3168x6614,F,2/8/2016
42,Grand Auto Sales,"29545 Willie Square
Aprilhaven, MO 63760",Benjamin Odonnell,(493)587-9954x054,M,14/01/2019
43,Royal Auto Group,"1287 Klein Ways Suite 106
West Shelley, ND 57716",Christopher Fuentes,+1-781-245-5858x37762,M,16/02/2017
44,United Car Dealers,"041 Judith Springs
Maureenfort, MA 27451",Elizabeth Diaz,2846030861,F,13/12/2016
45,Prime Auto Mall,"8477 Baker Gateway
New Dale, AL 50112",Beth Taylor,9793874717,F,14/11/2016
46,Horizon Auto Sales,"813 Corey Forge
Browntown, MN 63654",Karen Young,742.573.0280x6536,F,28/09/2016
47,Elite Car Exchange,"3312 Irwin Plain Apt. 376
Adamport, MT 14066",Jorge Clayton,(749)412-2084x2374,M,28/09/2018
48,Infinity Car Sales,"469 Medina Mission
Jenniferchester, PA 18181",Tony Martin,357-921-9262x3420,M,21/09/2018
49,Performance Auto Group,"355 Sullivan Rapids Suite 498
Lake Michelle, GA 22961",Nicholas Liu,(235)767-4188x03232,M,1/2/2017
50,Pinnacle Car Dealers,"12088 Anderson Forks Apt. 651
Tonyshire, NJ 17724",Danielle Herrera,-6888,F,3/4/2018
51,Vision Auto Mall,"38448 Arellano Loaf Suite 530
Lake Peter, MO 15330",Monica Williams,301-732-2516,F,26/07/2017
52,Liberty Car Center,"61382 Watts Mission Apt. 562
Brandonburgh, DC 60931",Justin Cruz,691.208.1471x61673,M,19/09/2017
53,Prestige Auto Sales,"025 Mitchell Island Apt. 836
Lawsontown, MN 99393",Kaitlin Guerrero,(104)944-7024x1727,F,12/12/2017
54,Superior Car Exchange,"90083 Amanda Dam Apt. 448
South Penny, IA 40745",Jessica Estes,582.638.6107x0715,F,20/11/2017
55,Metro Auto Group,"834 Powell Loaf
Woodwardshire, WY 29187",Gina Knight,+1-470-692-4913x3642,F,23/04/2018
56,Grand Prix Auto Sales,"USNV Nielsen
FPO AE 93981",Matthew Smith,276.256.6413,M,13/06/2016
57,Quality Auto Mall,"330 Heather Mill
Rasmussentown, MS 64813",Donald Ross,+1-070-427-7024x04458,M,20/10/2017
58,Star Car Dealers,"6366 David Port
Lake Misty, ND 51631",Andrew Mcgee,+1-727-287-9704x4295,M,7/10/2017
59,Paramount Auto Sales,"78056 Mary Knolls Apt. 956
New Cheryl, AR 50281",Kristin Brown,(717)422-9199x526,F,5/2/2019
60,Venture Car Sales,"37844 Brian Isle
New Traci, ME 63267",Craig Carter,001-499-662-9874,M,15/07/2018
61,Gateway Auto Mall,"USS Morales
FPO AA 56400",Jose Dodson,(261)252-3740,M,6/12/2016
62,First Choice Auto Sales,"29969 Mason Expressway
Alishabury, NE 91400",Daniel Moreno,262.642.1795x20924,M,15/12/2016
63,Capital Auto Exchange,"396 Amy Mountain Suite 576
Christopherland, MO 24934",Heather Hall,(123)116-2188x427,F,21/02/2018
64,Freedom Car Dealers,"49257 Kimberly Ports Suite 725
Tuckerberg, AK 56432",Robert Charles,953-326-7343x961,M,6/5/2016
65,DriveTime Car Sales,"0780 Roth Lakes Apt. 437
East Williammouth, AZ 21471",Paul Anderson,(007)565-3444,M,8/6/2018
66,Victory Auto Mall,"27800 Courtney Mill Apt. 587
Howardshire, TX 27464",Melissa Chen,194-418-8922x606,F,21/06/2017
67,Prime Auto Sales,"PSC 5337, Box 2461
APO AE 48250",Krystal Leblanc,(386)569-6237,F,5/8/2016
68,Horizon Auto Group,"92395 Robert Mission Suite 829
West Paul, NC 45061",Kelsey Jackson,780.453.8201,F,4/1/2017
69,Prestige Car Center,"09944 Collins Corners Suite 323
Jeremyshire, DC 90519",Gregory Wood MD,-8061,M,14/11/2016
70,Infinity Auto Exchange,"4754 Andrade Fall Suite 062
Matthewmouth, IN 80222",Richard Pearson,+1-107-825-0610x894,M,28/05/2018
71,Summit Car Dealers,"92307 Walker Extensions
Lake Faithshire, NY 72228",Shane Turner,+1-573-758-7454x139,M,22/10/2018
72,Peak Performance Auto Sales,"3678 Oneill Common Apt. 539
Kimberlystad, GA 55874",Andrea Brown,+1-500-545-4303x65881,F,23/11/2018
73,Apex Auto Center,"PSC 2673, Box 8895
APO AE 37358",Karen Snyder,578.939.2210x152,F,4/4/2016
74,Elite Car Sales,"95593 Lori Track
Simpsontown, TX 69209",Amanda Barnes,(998)166-1841x22364,F,6/1/2018
75,United Auto Mall,"PSC 0341, Box 9109
APO AP 44225",Robert Santos,6995589175,M,4/8/2018
76,Pinnacle Auto Sales,"473 Jeffrey Keys
Ashleystad, TN 18047",Brandon Barnett,(595)613-6084,M,5/1/2018
77,Vision Car Dealers,"07798 Griffith Meadow Suite 364
Bautistastad, ME 04670",Timothy Cox,206-808-6117x837,M,4/8/2018
78,Superior Auto Exchange,"4673 Bonnie Turnpike
North Anthony, AZ 21246",Bradley Mccann,001-050-150-6600x5806,M,30/10/2018
79,Liberty Car Sales,"PSC 3790, Box 0887
APO AA 20099",Cheryl Keith,001-899-907-9282x07969,F,6/1/2018
80,Metro Auto Center,"729 Smith Drive Apt. 170
Port Frankberg, MS 21323",Gregory Mitchell,+1-982-184-0253x888,M,8/2/2018
81,Prime Car Sales,"Unit 4974 Box 0124
DPO AP 55167",Jonathan Bowen,+1-319-111-2094x117,M,27/01/2018
82,Performance Car Exchange,"0747 Richard Curve Suite 030
Bryanport, KS 10455",Joseph Newman,694-905-4607x975,M,2/3/2018
83,Horizon Auto Mall,"2757 Porter Square Apt. 296
Rodneyside, NC 35390",Emily Cortez,129-965-1331,F,20/04/2017
84,First Choice Car Dealers,"PSC 4175, Box 7563
APO AP 50763",Joseph Payne,(977)991-6673x23506,M,12/5/2018
85,Grand Auto Exchange,"687 Nicholas Glen
Port Diamondstad, CA 87357",Monica Anderson,(349)342-4836,F,2/11/2017
86,Venture Auto Group,"1791 Moore Expressway Apt. 997
Alexandratown, NH 49481",Shannon Webb,980-876-6676x22052,M,19/02/2019
87,Prestige Auto Mall,"48480 Jonathan Ford
Williamstown, CT 66988",Laura Perez,918-447-0504x8737,F,20/06/2017
88,Quality Car Center,"1469 Donald Center
Lake Ryanhaven, SC 94545",Tommy Moore,5899118959,M,31/07/2018
89,Gateway Auto Sales,"7844 Cook Meadow Suite 344
South Michael, KY 22063",Jonathon Wilson,938.138.8073x9525,M,8/11/2016
90,Capital Car Sales,"USNS Mills
FPO AE 95888",Sara Ramos,(559)212-1944x383,F,23/07/2016
91,Infinity Auto Mall,"2707 Michael Oval
Martinhaven, WY 17829",Jamie Jordan,038-179-4280x01889,F,20/07/2018
92,DriveTime Car Dealers,"084 Kristin Brooks
Victorialand, MD 20488",Casey Willis,001-714-733-2984,M,3/12/2017
93,Superior Auto Group,"812 Neil Ridges
Nicoleville, VA 89668",Jason Thompson,(046)852-8559x565,M,23/12/2017
94,Victory Car Sales,"44578 Ryan Throughway
Thomasview, MT 27709",James Fischer,001-268-235-7512,M,7/5/2018
95,Peak Performance Auto Mall,"30604 Yvonne Plains Apt. 445
South Aprilfurt, CO 83266",Andrea Haynes,+1-847-739-0456x1708,F,15/02/2019
96,Prime Auto Center,"045 Long Point
Julieburgh, MS 35115",Lucas Moses,-7357,M,24/02/2017
97,Liberty Car Exchange,"6279 Cynthia Plains
Wrightbury, HI 83681",Eric Combs,001-353-258-3193,M,18/11/2016
98,Metro Car Dealers,"4919 Smith Brook Apt. 292
Jeremiahtown, MA 22290",Joshua Sheppard,001-406-041-5366,M,3/8/2016
99,Horizon Auto Exchange,"7567 Gonzalez Haven
Ochoamouth, OR 12856",William Brown,489.508.8373,M,22/12/2018
100,Prestige Car Sales,"USCGC Fuller
FPO AE 35376",Alfred Coleman,257.371.0136x161,M,13/07/2018
101,Capital Auto Center,"2670 Adriana Well
Aguirreburgh, MD 21408",Amanda Robbins,+1-920-659-6278x294,F,9/5/2017
102,First Choice Auto Group,"34343 Warner Parkway
East Tanya, MT 92473",Devin Waller,(059)843-6282,M,25/02/2019
103,Performance Auto Mall,"407 Anderson Well
Leemouth, WY 09624",Lisa Rodriguez,+1-529-422-2073x302,F,25/04/2017
104,Elite Auto Sales,"3661 Mark Highway Suite 146
Powellside, MI 83878",Sarah Martin,001-933-162-5719x48407,F,18/01/2019
105,Prime Car Center,"165 Larson Mountain Apt. 569
Sparkstown, NM 52524",Jose Lopez,+1-628-438-9977x213,M,26/05/2016
106,United Auto Sales,"666 Mendoza Club
Port Williamburgh, KS 41245",Sherry Rhodes,+1-892-731-2960x605,F,10/1/2019
107,Pinnacle Car Exchange,"0218 Bowers Vista Apt. 009
West Brianhaven, KS 02142",Steven Tate,+1-151-689-4998x9079,M,11/5/2018
108,Liberty Auto Center,"07965 Robin Springs
North Jeremy, GA 84107",Michael Lang,426-065-8337,M,13/06/2017
109,Vision Car Sales,"9273 Anderson Squares Suite 452
Julialand, SD 33985",Brandi Peterson,714.541.6352,F,18/01/2019
110,Metro Auto Exchange,"64885 Cervantes Route
West Sergio, DC 79530",Melanie Davis,(213)572-2872x8222,F,13/11/2017
111,Superior Car Sales,"7414 Kathryn Common Suite 234
Lake Andreamouth, VT 88371",Brian Leon,025-619-5434x810,M,18/05/2016
112,Apex Auto Sales,"12476 Lee Squares Apt. 242
East Mark, NE 21886",Claire Novak,680.713.7108x5118,F,18/07/2017
113,Performance Auto Center,"Unit 7938 Box 3715
DPO AA 17543",Tanya Shaw,+1-149-158-4546x40905,F,12/10/2018
114,Prestige Auto Group,"Unit 0092 Box 1825
DPO AP 67783",Matthew Franklin,001-387-890-4572x3830,M,27/12/2016
115,Horizon Car Sales,"7946 Martin Valleys
Ryanside, MA 84440",David Jimenez,+1-562-850-8805x81162,M,6/2/2018
116,Gateway Auto Group,"859 Lee Burgs
Chrisville, NH 83990",Cynthia Gardner,(990)018-9419,F,29/11/2017
117,Victory Auto Exchange,"409 Mullen Valley
Port Michael, NV 74568",Dana Wiggins,+1-967-552-9002x191,F,6/9/2018
118,Pinnacle Auto Mall,"395 James Plains
New David, UT 73723",Jessica Adams,(394)726-4360,F,3/4/2017
119,DriveTime Auto Center,"425 Thomas Pine Suite 724
Johnsonside, OK 78270",Susan Frost,796-153-2980,F,27/06/2016
120,Capital Car Center,"37775 Bruce Ports Suite 978
New Brian, GA 54918",Elizabeth Ramos,001-182-125-1579x8451,F,15/10/2016
121,United Car Exchange,"43141 Eric Freeway Suite 982
Lake Linda, RI 20990",Emily Church,001-779-034-3766x85935,F,25/10/2016
122,Infinity Auto Sales,"6287 Mary Locks
Ericborough, IN 51971",Matthew Hicks,592.172.4485x241,M,25/12/2016
123,Superior Auto Sales,"691 Anderson Estates
Davidport, PA 11721",Gabriel Thompson,3646438518,M,18/01/2019
124,Venture Car Dealers,"4617 Scott Burg Apt. 446
Baileystad, UT 26684",Tyler Peterson DDS,(646)493-2736,M,1/3/2017
125,Prime Auto Exchange,"909 Anthony Crescent
Kristenland, CO 10138",Jason Colon,1360521942,M,29/04/2017
126,Grand Auto Center,"2433 Smith Islands Suite 350
Robertsview, RI 38667",Emma Hutchinson,(237)036-4816x7503,F,12/1/2019
127,Quality Car Sales,"0759 Terry Island
Thomasbury, ME 81922",Patrick Hernandez,431-971-5546,M,9/4/2016
128,Prestige Auto Exchange,"7067 Sheryl Ridges
Spencerland, AK 12653",David Williams,212-290-9622x8104,M,29/05/2016
129,Elite Auto Mall,"699 Heidi Loop
Sarahbury, VA 20340",Margaret Nelson,291-568-0668,F,24/12/2016
130,Horizon Car Dealers,"367 Clifford Causeway
Port Laceyborough, IA 61962",Curtis Skinner,8780660308,M,9/8/2016
131,First Choice Auto Center,"5882 Sanders Stream Apt. 609
South Lindsey, AZ 90155",Taylor White,(779)424-6699x0204,F,8/5/2017
132,Metro Car Sales,"14998 Danielle Ports Apt. 773
Cruzfurt, OH 48542",Dale Molina,573-053-2577,M,29/09/2017
133,Pinnacle Auto Center,"8369 Delacruz Center Apt. 485
Harperland, IA 60869",Paige Stevens,001-250-286-8265x5684,F,22/05/2016
134,Superior Car Center,"Unit 2774 Box 9903
DPO AA 03488",Heather Murphy,+1-405-293-4235x264,F,21/04/2016
135,United Auto Exchange,"141 Donald Ports
Wheelerton, LA 53451",Victor Burnett,(051)893-0171x1162,M,3/12/2016
136,Performance Car Sales,"USNS Stanley
FPO AE 09488",Laura Brooks,4889822010,F,3/3/2017
137,Liberty Auto Group,"87308 Randall Trail
Port Nataliebury, IL 46747",Nancy Chavez,(294)104-8963x5643,F,19/02/2017
138,Capital Auto Sales,"02926 Tiffany Road Apt. 733
Meganmouth, NY 60525",Bryan Hill MD,001-515-239-4803x016,M,29/03/2018
139,Prime Car Dealers,"193 Cody Square
Lake Karla, KS 25148",Donna Hughes,+1-892-816-8529x937,F,15/02/2019
140,Vision Auto Exchange,"669 Gomez Knolls Suite 643
Torresside, MD 78935",David Lewis,+1-584-111-8924x960,M,24/04/2017
141,Grand Auto Mall,"660 Justin Center Apt. 827
East Maria, CO 59534",Linda Park,805-813-4100x9343,F,19/08/2016
142,Venture Car Center,"4067 Wendy Parkway Apt. 781
Clarkhaven, TN 56528",Melvin Mason,147-495-7746x336,M,15/07/2017
143,Prime Auto Group,"268 Lisa Estate
North Anthony, WV 52405",Brian Smith,665.341.1031x15423,M,10/10/2018
144,Metro Auto Sales,"418 Clarke Shoal Apt. 051
East Sarahfurt, CO 81230",Michelle Leonard,250-462-1256,F,27/08/2016
145,Superior Auto Center,"824 Rollins Avenue
Meganton, WY 27223",Steven Dickerson,+1-727-093-6071x65303,M,1/8/2017
146,Liberty Car Mall,"396 Michelle Point Apt. 898
Julieburgh, NC 89720",Valerie Johnson,(725)080-3299x30747,F,27/10/2016
147,Performance Auto Sales,"686 Roy Shoals
West Joannechester, CT 22696",Donald Webb,001-129-124-9963,M,28/06/2017
148,United Auto Group,"82818 Barbara Coves
Aguirretown, WY 58197",Rachel Keller,001-098-784-8410x9931,F,4/4/2018
149,Gateway Auto Exchange,"5600 Scott Shoal
Lake Annahaven, NM 70453",Cheryl Davis,806.651.6256x6122,F,22/05/2016
150,Victory Car Dealers,"234 Thompson Stream Apt. 415
Christopherborough, OK 82599",Steven Williams,1007700756,M,16/07/2017
151,DriveTime Auto Sales,"USNS Collier
FPO AA 47298",Michael Underwood,+1-090-954-5648x17154,M,8/10/2018
152,Capital Car Mall,"96931 Wendy Springs
Marytown, KY 53474",Kimberly Wall,001-230-314-4664,F,6/8/2018
153,Horizon Auto Sales,"681 James Park
Port Gabrielaburgh, SD 41099",Travis Keith,001-274-218-2697,M,23/06/2017
154,First Choice Car Sales,"7096 Autumn Row Suite 734
Jenniferview, SD 99264",Annette Lee,716.345.3092x52622,F,24/12/2018
155,Pinnacle Auto Group,"6271 Warren Estate
Chanside, OR 21694",Brittany Brown,+1-020-580-2003x7541,F,14/03/2017
156,Prime Auto Dealers,"57407 Hutchinson Islands Apt. 491
Russellville, OK 80687",Leslie Smith,001-738-846-3527x01727,F,7/11/2018
157,Elite Car Center,"0087 Douglas Club Apt. 666
West Gregory, IL 46077",Holly Brown,(849)836-0328,F,10/2/2019
158,Prestige Auto Sales,"35689 Justin Forks
Christopherburgh, SD 14758",Julie Bradford,+1-811-387-0101x88472,F,20/03/2017
159,Vision Car Exchange,"63977 Miller Islands Apt. 628
Tammyhaven, LA 89353",Dakota Nunez,001-960-000-3309,M,22/06/2017
160,United Auto Center,"585 Miles Brook
East Margaretmouth, KS 44333",Bryan Boyle,096.387.8865x434,M,24/08/2016
161,Metro Auto Mall,"6883 Chaney Neck
Kingview, NH 70212",Justin Boyd,086-266-0100,M,18/04/2018
162,Quality Car Dealers,"328 Breanna Street Apt. 308
East Ann, VT 77204",Michael Schultz,9589706605,M,22/05/2018
163,Performance Auto Group,"24750 Brandon Parkways
Amandashire, WV 95622",Karen Bender,+1-540-252-3065x793,F,10/4/2016
164,Grand Car Sales,"507 Burke Terrace Suite 066
Walkerfurt, FL 01797",Oscar Waller,(252)003-1409x191,M,26/05/2017
165,Superior Auto Mall,"293 Ellis Lodge Apt. 066
Sheilamouth, NV 26792",Amy Schaefer,+1-562-294-9842x1622,F,2/10/2018
166,Horizon Car Exchange,"566 Juan Crest Suite 316
Gregoryhaven, TX 74360",Timothy Davis,+1-460-900-4008x84155,M,17/02/2019
167,DriveTime Car Mall,"9855 James Roads
Adamsmouth, ME 53260",David Hess,814-844-6587,M,2/3/2019
168,Capital Auto Dealers,"11467 William Springs
Reneehaven, RI 83534",Herbert Evans,774.276.0627,M,20/01/2017
169,Infinity Car Center,"353 Carlos Garden
Jasonborough, ME 11810",Spencer Obrien,824-824-1669x8557,M,10/5/2017
170,Victory Auto Group,"70099 Alvarez Springs Apt. 221
West Christown, AR 92592",Earl Ellison,371.190.2057,M,22/04/2016
171,Pinnacle Auto Exchange,"1781 Clinton Forest
Brownchester, NY 88402",Scott Shannon,831.607.8294x48017,M,21/06/2017
172,Elite Car Sales,"21554 Thomas Shoals
South Brandonland, FL 07868",Angela Anderson,585-351-8149x293,F,26/01/2018
173,Prime Auto Mall,"4918 Benjamin Forge
West Maryton, UT 54766",Kelly Dixon,-3043,F,22/04/2018
174,Venture Auto Center,"6736 Hernandez Corner
New Brentburgh, VA 97378",Erika Medina,001-862-128-1007x65686,F,6/11/2018
175,Vision Auto Sales,"521 Morris Crossing Apt. 206
New Charles, WA 71409",Rhonda Martin,+1-573-303-5111x58383,F,26/01/2017
176,First Choice Car Exchange,"9711 Jessica Haven
Robertsonberg, OH 97939",Robert Werner,-5465,M,11/1/2019
177,Metro Auto Dealers,"48378 Danny Drive Apt. 674
Murphyburgh, AR 38162",Diana Davidson,(498)993-4082,F,26/03/2017
178,Liberty Car Group,"665 Valerie Stravenue Apt. 778
West Courtney, NM 57989",Melissa Marquez,628.074.0459x319,F,23/05/2018
179,Grand Auto Sales,"943 Hernandez Oval
Obrienburgh, FL 90632",Nathan Hudson,+1-404-294-3991x8799,M,10/6/2017
180,Horizon Auto Center,"77972 Jones Forest
North Jason, OK 95296",Caitlin Williams,001-104-045-9834x0012,F,9/6/2018
181,Prestige Car Dealers,"5396 Rodriguez Flat Apt. 041
Grahamland, CO 02246",Todd Murphy DDS,(292)505-3857x5412,M,27/03/2016
182,Superior Auto Exchange,"35066 William Shoal
North Kennethport, IN 44376",Emma Villarreal,264-974-5688x7739,F,10/6/2016
183,Prime Car Mall,"USCGC Guzman
FPO AP 85789",Kathleen Elliott,001-012-590-9738x87594,F,12/9/2018
184,Performance Auto Exchange,"8024 Russell Bypass Apt. 133
Stephaniemouth, DC 27291",Ryan Fitzgerald,(635)245-6728x04224,M,18/08/2016
185,Victory Car Sales,"5589 Garcia Locks Apt. 912
Taylorchester, VT 19548",Scott French,289-918-7571x703,M,5/9/2017
186,Capital Auto Group,"05949 Vega Plaza Apt. 700
Wheelerberg, MD 99898",Katherine Russell,105272879,F,22/06/2016
187,DriveTime Car Center,"8857 Rodriguez Locks
Annafort, WV 44963",Danielle Perez,583-143-0696,F,12/7/2016
188,First Choice Auto Mall,"87322 Jeremy Manor
West Joseph, NH 39645",Andrew Richardson,8592343261,M,1/3/2017
189,Pinnacle Car Sales,"550 William Gateway Apt. 789
Albertburgh, WY 85696",Laura Black,(035)365-7977,F,13/12/2017
190,United Car Mall,"797 Sanders Plains
Michelebury, MS 19233",Krystal Wilcox,719-991-1845,F,21/04/2018
191,Elite Auto Exchange,"464 Mark Stravenue Suite 695
Johnfort, AR 80971",David Baker,729.092.5824x9402,M,22/04/2017
192,Prestige Auto Center,"426 Carroll Bypass Suite 595
Smithburgh, WY 39157",Kimberly Bautista,001-849-271-6607x9392,F,28/05/2016
193,Vision Car Dealers,"0235 David Crossroad Apt. 399
Lake Valerie, AK 84827",Holly Davis,610.380.8690,F,18/09/2016
194,Grand Auto Group,"170 Davis Spur
Dustinchester, VT 74633",Maria Cowan,001-506-512-7813,F,10/8/2018
195,Liberty Auto Exchange,"83546 Harvey River
Lake Victor, ME 17352",James Solis,573-567-9992x024,M,10/1/2018
196,Prime Car Center,"PSC 0242, Box 7933
APO AE 87677",Nicholas Douglas,234691557,M,23/04/2016
197,Horizon Auto Group,"912 Daniel Drive Suite 106
South Sharonstad, SC 91382",Brittany Stewart,138.111.6599,F,28/11/2016
198,Capital Car Sales,"6250 Benjamin Views Suite 833
Ochoaport, NM 07939",Rachel Hunter,001-188-513-7134,F,30/05/2018
199,Superior Car Dealers,"9746 Kelley Bypass
South Michele, SC 96121",Carl Chandler,(343)065-4681x5597,M,23/01/2018
200,Venture Auto Mall,"613 Michelle Mews Suite 353
Port John, NC 68259",Tyler Atkins,(719)940-8977,M,9/11/2017
